numero_control,nombre,email
31233213,JUAN,JUAN@gmail.com
65756765,JOSÉLUIS,JOSÉLUIS@gmail.com
36546435,JOSÉ,JOSÉ@gmail.com
87568875,MARÍA GUADALUPE,MARÍA GUADALUPE@gmail.com
98679876,FRANCISCO,FRANCISCO@gmail.com
43242342,GUADALUPE,GUADALUPE@gmail.com
89587578,MARÍA,MARÍA@gmail.com
12269576,JUANA,JUANA@gmail.com
45918698,ANTONIO,ANTONIO@gmail.com
22199252,JESÚS,JESÚS@gmail.com
82222268,MIGUEL ÁNGEL,MIGUEL ÁNGEL@gmail.com
92900273,PEDRO,PEDRO@gmail.com
54547440,ALEJANDRO,ALEJANDRO@gmail.com
63279753,MANUEL,MANUEL@gmail.com
98065027,MARGARITA,MARGARITA@gmail.com
79129299,MARÍA DEL CARMEN,MARÍA DEL CARMEN@gmail.com
76964984,JUANCARLOS,JUANCARLOS@gmail.com
92214571,ROBERTO,ROBERTO@gmail.com
95378266,FERNANDO,FERNANDO@gmail.com
49872334,DANIEL,DANIEL@gmail.com
78100166,CARLOS,CARLOS@gmail.com
76713404,JORGE,JORGE@gmail.com
84545738,RICARDO,RICARDO@gmail.com
48025255,MIGUEL,MIGUEL@gmail.com
24063368,EDUARDO,EDUARDO@gmail.com
72289449,JAVIER,JAVIER@gmail.com
46357727,RAFAEL,RAFAEL@gmail.com
20413026,MARTÍN,MARTÍN@gmail.com
24329893,RAÚL,RAÚL@gmail.com
81640726,DAVID,DAVID@gmail.com
65219420,JOSEFINA,JOSEFINA@gmail.com
30678349,JOSÉ ANTONIO,JOSÉ ANTONIO@gmail.com
65255845,ARTURO,ARTURO@gmail.com
12047232,MARCO ANTONIO,MARCO ANTONIO@gmail.com
78933350,JOSÉ MANUEL,JOSÉ MANUEL@gmail.com
67934572,FRANCISCO JAVIER,FRANCISCO JAVIER@gmail.com
87266616,ENRIQUE,ENRIQUE@gmail.com
27629803,VERÓNICA,VERÓNICA@gmail.com
39225420,GERARDO,GERARDO@gmail.com
23843930,MARÍAELENA,MARÍAELENA@gmail.com
84189954,LETICIA,LETICIA@gmail.com
94204538,ROSA,ROSA@gmail.com
60597359,MARIO,MARIO@gmail.com
32861846,FRANCISCA,FRANCISCA@gmail.com
93935329,ALFREDO,ALFREDO@gmail.com
38475491,TERESA,TERESA@gmail.com
53774203,ALICIA,ALICIA@gmail.com
57193693,MARÍA FERNANDA,MARÍA FERNANDA@gmail.com
99071999,SERGIO,SERGIO@gmail.com
84481833,ALBERTO,ALBERTO@gmail.com
48357394,LUIS,LUIS@gmail.com
84351963,ARMANDO,ARMANDO@gmail.com
37633843,ALEJANDRA,ALEJANDRA@gmail.com
88578015,MARTHA,MARTHA@gmail.com
84600248,SANTIAGO,SANTIAGO@gmail.com
33939295,YOLANDA,YOLANDA@gmail.com
43738388,PATRICIA,PATRICIA@gmail.com
35780939,MARÍADELOSÁNGELES,MARÍADELOSÁNGELES@gmail.com
25977551,JUANMANUEL,JUANMANUEL@gmail.com
15833172,ROSAMARÍA,ROSAMARÍA@gmail.com
65506892,ELIZABETH,ELIZABETH@gmail.com
77192357,GLORIA,GLORIA@gmail.com
65097395,ÁNGEL,ÁNGEL@gmail.com
74420973,GABRIELA,GABRIELA@gmail.com
66890162,SALVADOR,SALVADOR@gmail.com
89040049,VÍCTORMANUEL,VÍCTORMANUEL@gmail.com
67422469,SILVIA,SILVIA@gmail.com
42585012,MARÍADEGUADALUPE,MARÍADEGUADALUPE@gmail.com
91534519,MARÍADEJESÚS,MARÍADEJESÚS@gmail.com
21579544,GABRIEL,GABRIEL@gmail.com
58460075,ANDRÉS,ANDRÉS@gmail.com
17885778,ÓSCAR,ÓSCAR@gmail.com
75498099,GUILLERMO,GUILLERMO@gmail.com
73761874,ANAMARÍA,ANAMARÍA@gmail.com
66777357,RAMÓN,RAMÓN@gmail.com
23837194,MARÍAISABEL,MARÍAISABEL@gmail.com
71873503,PABLO,PABLO@gmail.com
64540472,RUBEN,RUBEN@gmail.com
52371929,ANTONIA,ANTONIA@gmail.com
87772227,MARÍALUISA,MARÍALUISA@gmail.com
80911396,LUISÁNGEL,LUISÁNGEL@gmail.com
53981871,MARÍADELROSARIO,MARÍADELROSARIO@gmail.com
40469360,FELIPE,FELIPE@gmail.com
88287294,JORGEJESÚS,JORGEJESÚS@gmail.com
41454828,JAIME,JAIME@gmail.com
20744794,JOSÉGUADALUPE,JOSÉGUADALUPE@gmail.com
48004046,JULIOCESAR,JULIOCESAR@gmail.com
83748325,JOSÉDEJESÚS,JOSÉDEJESÚS@gmail.com
97211613,DIEGO,DIEGO@gmail.com
89371876,ARACELI,ARACELI@gmail.com
82155795,ANDREA,ANDREA@gmail.com
51747758,ISABEL,ISABEL@gmail.com
99290809,MARÍATERESA,MARÍATERESA@gmail.com
45805935,IRMA,IRMA@gmail.com
35874179,CARMEN,CARMEN@gmail.com
97326237,LUCÍA,LUCÍA@gmail.com
24655302,ADRIANA,ADRIANA@gmail.com
67445735,AGUSTÍN,AGUSTÍN@gmail.com
67748808,MARÍADELALUZ,MARÍADELALUZ@gmail.com
33836557,GUSTAVO,GUSTAVO@gmail.com
,,
